lat,lon,cmt,name,desc
45.1923084,5.6966619,tourism:artwork,"""L'inconnu de la gare de Jodhpur"" de L'ENFANT LIBRE (France)",Médiathèque Paul Eluard.
45.1885658,5.709107,tourism:artwork,"""Broken glass"" de SIMON BERGER (Suisse)","Vitrines au 119 Cours Berriat, Grenoble."
45.1885877,5.7110042,tourism:artwork,"""La tigresse rouge"" de MARCO LALLEMANT (France)",118 Cours Berriat
45.1733147,5.7048869,tourism:artwork,"""Unité"" de LPVDA (Suisse)","Façade Croix Rouge - 66 Avenue Rhin et Danube, 38100 Grenoble."
45.1920641,5.71679,tourism:artwork,"""Eco vs Ego"" de RESKATE (Espagne)",1 Place Doyen Gosse
45.1863435,5.7272775,tourism:artwork,"""Black lives matter"" de COMBO (France)","""Black lives matter"" au Parking Hoche  - rue François Raoult., Grenoble."
45.1864125,5.7273765,tourism:artwork,"""Reveillez vous"" de OTIST (France)","L'artiste français OTIST présente son concept d'évolution par trois pochoirs situés sur les poteaux en face du Parking Victor Hugo, rue Francois Raoult. Tout d'abord, le reveil, la prise de conscience. Vient ensuite l'envie de se revolter. Enfin la solution: se cultiver."
45.1863872,5.7272995,tourism:artwork,"""Re-belier vous"" de OTIST (France)","L'artiste français OTIST présente son concept d'évolution par trois pochoirs situés sur les poteaux en face du Parking Victor Hugo, rue Francois Raoult. Tout d'abord, le reveil, la prise de conscience. Vient ensuite l'envie de se revolter. Enfin la solution: se cultiver."
45.1863569,5.7272361,tourism:artwork,"""Cultivez vous"" de OTIST (France)","L'artiste français OTIST présente son concept d'évolution par trois pochoirs situés sur les poteaux en face du Parking Victor Hugo, rue Francois Raoult. Tout d'abord, le reveil, la prise de conscience. Vient ensuite l'envie de se revolter. Enfin la solution: se cultiver."
45.1790042,5.7261143,tourism:artwork,"""KKKops"" de GOIN",2 rue Henri Bergson
45.1805621,5.7313051,tourism:artwork,"""Hannibal"" de BRUSK (France)",Visible depuis le 35 rue Mallifaud
45.1831746,5.7391926,tourism:artwork,"""Never go back to school"" de GOIN",5 Rue Roger Louis Lachat
45.1872417,5.7433444,tourism:artwork,"""Mise en garde"" de SNEK (France)",nº20 Résidence Galieni.
45.1870016,5.7448992,tourism:artwork,"""A Pale Dot Blue"" de INTI (Chili)","""A Pal Dot Blue"" de INTI au 17 rue Jules Flandrin, Grenoble"
45.1877447,5.7487143,tourism:artwork,Holow & Ekis (France),Poste Enedis au dessus de la fresque de Julieta XLF (2019).
45.1790104,5.7580524,tourism:artwork,"""L'union fait la force"" de PIET RODRIGUEZ (Belgique)","Gymnase Langevin - Façade de la rue Paul Languevin, Saint Martin d'Hères."
45.1900073,5.6875907,tourism:artwork,"""Les Collemboles"" de PHILIBERT (France)",École Les Balmes. Rue Marguerite Tavel (Fontaine).
45.186947,5.6921404,tourism:artwork,M4U (France) + Petite Poisonne (France),Centre Social George Sand.
45.1993755,5.7072969,tourism:artwork,"""Summer Games 2021"" de Srek & Killah One (France)","Façade CEA, 17 Avenue des Martyrs, Grenoble"
45.1886539,5.7103685,tourism:artwork,NEVERCREW (Suisse),Mur pignon du 122 Cours Berriat.
45.1865135,5.7113229,tourism:artwork,"""Tous les voisins d'un autre"" de COLLECTIF MUZ MURAL MEDIA","Mur de la Maison des Habitants Chorrier - Berriat. 10 Rue Henri le Châtelier, Grenoble"
45.1874844,5.7434599,tourism:artwork,"""I'm new here"" de YANN CHATELIN","28 boulevard Galliéni (Résidence Galliéni), Grenoble"
45.1739078,5.7536735,tourism:artwork,"""Artist"" de Viktoria Veisbrut","École Voltaire, rue Edmond Rostand, Saint Martin d’Hères."
45.1690345,5.7557047,tourism:artwork,"""Simone Veil"" de M4U","Place Simone Veil, 62 avenue 8 mai 1945, Ville de Saint Martin d'Hères"
45.1911631,5.7654247,tourism:artwork,ROSIE WOODS (Angleterre),3 fresques prevues au DLST - Université Grenoble – Alpes.
45.1920501,5.7544479,tourism:artwork,TELMO & MIEL (Hollande),Bâtiment A - Résidence Ouest Crous-Grenoble – Alpes.
45.1209222,5.6999402,tourism:artwork,"""Old skin"" de IOTA (Belgique)","5 Avenue Raffin Caboisse, 38800 Le Pont-de-Claix."
45.1356838,5.7078765,tourism:artwork,VOTOUR (France),École primaire Jean Moulin